<metadata xml:lang="en"><Esri><CreaDate>20151202</CreaDate><CreaTime>15304800</CreaTime><ArcGISFormat>1.0</ArcGISFormat><ArcGISstyle>ISO 19139 Metadata Implementation Specification</ArcGISstyle><SyncOnce>FALSE</SyncOnce><DataProperties><itemProps><itemName Sync="TRUE">Quartz_Claims_50k</itemName><nativeExtBox><westBL Sync="TRUE">55085.159200</westBL><eastBL Sync="TRUE">910368.991000</eastBL><southBL Sync="TRUE">611196.509000</southBL><northBL Sync="TRUE">1475776.910000</northBL><exTypeCode Sync="TRUE">1</exTypeCode></nativeExtBox><itemLocation><linkage Sync="TRUE">file://\\OPR2CSW\E\GeoYukon\CSW_to_FTP\temp_data\Quartz_Claims_50k.shp</linkage><protocol Sync="TRUE">Local Area Network</protocol></itemLocation><imsContentType>002</imsContentType><itemSize Sync="TRUE">0.000</itemSize></itemProps><coordRef><type Sync="TRUE">Projected</type><geogcsn Sync="TRUE">GCS_North_American_1983</geogcsn><csUnits Sync="TRUE">Linear Unit: Meter (1.000000)</csUnits><projcsn Sync="TRUE">NAD_1983_Yukon_Albers</projcsn><peXml Sync="TRUE">&lt;ProjectedCoordinateSystem xsi:type='typens:ProjectedCoordinateSystem' xmlns:xsi='http://www.w3.org/2001/XMLSchema-instance' xmlns:xs='http://www.w3.org/2001/XMLSchema' xmlns:typens='http://www.esri.com/schemas/ArcGIS/10.5'&gt;&lt;WKT&gt;PROJCS[&amp;quot;NAD_1983_Yukon_Albers&amp;quot;,GEOGCS[&amp;quot;GCS_North_American_1983&amp;quot;,DATUM[&amp;quot;D_North_American_1983&amp;quot;,SPHEROID[&amp;quot;GRS_1980&amp;quot;,6378137.0,298.257222101]],PRIMEM[&amp;quot;Greenwich&amp;quot;,0.0],UNIT[&amp;quot;Degree&amp;quot;,0.0174532925199433]],PROJECTION[&amp;quot;Albers&amp;quot;],PARAMETER[&amp;quot;False_Easting&amp;quot;,500000.0],PARAMETER[&amp;quot;False_Northing&amp;quot;,500000.0],PARAMETER[&amp;quot;Central_Meridian&amp;quot;,-132.5],PARAMETER[&amp;quot;Standard_Parallel_1&amp;quot;,61.66666666666666],PARAMETER[&amp;quot;Standard_Parallel_2&amp;quot;,68.0],PARAMETER[&amp;quot;Latitude_Of_Origin&amp;quot;,59.0],UNIT[&amp;quot;Meter&amp;quot;,1.0],AUTHORITY[&amp;quot;EPSG&amp;quot;,3578]]&lt;/WKT&gt;&lt;XOrigin&gt;-12920200&lt;/XOrigin&gt;&lt;YOrigin&gt;-9265100&lt;/YOrigin&gt;&lt;XYScale&gt;335583644.60816491&lt;/XYScale&gt;&lt;ZOrigin&gt;-100000&lt;/ZOrigin&gt;&lt;ZScale&gt;10000&lt;/ZScale&gt;&lt;MOrigin&gt;-100000&lt;/MOrigin&gt;&lt;MScale&gt;10000&lt;/MScale&gt;&lt;XYTolerance&gt;0.001&lt;/XYTolerance&gt;&lt;ZTolerance&gt;0.001&lt;/ZTolerance&gt;&lt;MTolerance&gt;0.001&lt;/MTolerance&gt;&lt;HighPrecision&gt;true&lt;/HighPrecision&gt;&lt;WKID&gt;3578&lt;/WKID&gt;&lt;LatestWKID&gt;3578&lt;/LatestWKID&gt;&lt;/ProjectedCoordinateSystem&gt;</peXml></coordRef><lineage><Process ToolSource="c:\program files (x86)\arcgis\desktop10.5\ArcToolbox\Toolboxes\Conversion Tools.tbx\FeatureClassToFeatureClass" Date="20180722" Time="104223">FeatureClassToFeatureClass E:\GeoYukon\CSW_to_FTP\csw10prd@geoyukon$dc.sde\CSW_MINING.QUARTZ_CLAIM_POLY_50K E:\GeoYukon\CSW_to_FTP\temp_data Quartz_Claims_50k # "ID "QUARTZ_CLAIM_ID" true false false 4 Long 0 10 ,First,#,E:\GeoYukon\CSW_to_FTP\csw10prd@geoyukon$dc.sde\CSW_MINING.QUARTZ_CLAIM_POLY_50K,QUARTZ_CLAIM_ID,-1,-1;GRANT_NUM "GRANT_NUMBER" true false false 20 Text 0 0 ,First,#,E:\GeoYukon\CSW_to_FTP\csw10prd@geoyukon$dc.sde\CSW_MINING.QUARTZ_CLAIM_POLY_50K,GRANT_NUMBER,-1,-1;LEASE_NUM "LEASE_NUMBER" true true false 7 Text 0 0 ,First,#,E:\GeoYukon\CSW_to_FTP\csw10prd@geoyukon$dc.sde\CSW_MINING.QUARTZ_CLAIM_POLY_50K,LEASE_NUMBER,-1,-1;TENURE "DRAFTING_TENURE_TYPE" true true false 40 Text 0 0 ,First,#,E:\GeoYukon\CSW_to_FTP\csw10prd@geoyukon$dc.sde\CSW_MINING.QUARTZ_CLAIM_POLY_50K,DRAFTING_TENURE_TYPE,-1,-1;REGULATION "REGULATION_TYPE" true true false 2 Text 0 0 ,First,#,E:\GeoYukon\CSW_to_FTP\csw10prd@geoyukon$dc.sde\CSW_MINING.QUARTZ_CLAIM_POLY_50K,REGULATION_TYPE,-1,-1;STATUS "TENURE_STATUS" true true false 10 Text 0 0 ,First,#,E:\GeoYukon\CSW_to_FTP\csw10prd@geoyukon$dc.sde\CSW_MINING.QUARTZ_CLAIM_POLY_50K,TENURE_STATUS,-1,-1;LABEL "CLAIM_LABEL" true true false 56 Text 0 0 ,First,#,E:\GeoYukon\CSW_to_FTP\csw10prd@geoyukon$dc.sde\CSW_MINING.QUARTZ_CLAIM_POLY_50K,CLAIM_LABEL,-1,-1;CLAIM_NAME "CLAIM_NAME" true true false 15 Text 0 0 ,First,#,E:\GeoYukon\CSW_to_FTP\csw10prd@geoyukon$dc.sde\CSW_MINING.QUARTZ_CLAIM_POLY_50K,CLAIM_NAME,-1,-1;CLAIM_NUM "CLAIM_NUMBER" true true false 4 Long 0 6 ,First,#,E:\GeoYukon\CSW_to_FTP\csw10prd@geoyukon$dc.sde\CSW_MINING.QUARTZ_CLAIM_POLY_50K,CLAIM_NUMBER,-1,-1;OWNER "OWNER_NAME" true true false 255 Text 0 0 ,First,#,E:\GeoYukon\CSW_to_FTP\csw10prd@geoyukon$dc.sde\CSW_MINING.QUARTZ_CLAIM_POLY_50K,OWNER_NAME,-1,-1;STAKE_DATE "STAKING_DATE" true true false 8 Date 0 0 ,First,#,E:\GeoYukon\CSW_to_FTP\csw10prd@geoyukon$dc.sde\CSW_MINING.QUARTZ_CLAIM_POLY_50K,STAKING_DATE,-1,-1;RECORDED "RECORDED_DATE" true true false 8 Date 0 0 ,First,#,E:\GeoYukon\CSW_to_FTP\csw10prd@geoyukon$dc.sde\CSW_MINING.QUARTZ_CLAIM_POLY_50K,RECORDED_DATE,-1,-1;EXPIRY_DAT "EXPIRY_DATE" true true false 8 Date 0 0 ,First,#,E:\GeoYukon\CSW_to_FTP\csw10prd@geoyukon$dc.sde\CSW_MINING.QUARTZ_CLAIM_POLY_50K,EXPIRY_DATE,-1,-1;DISTRICT "DISTRICT_NAME" true true false 11 Text 0 0 ,First,#,E:\GeoYukon\CSW_to_FTP\csw10prd@geoyukon$dc.sde\CSW_MINING.QUARTZ_CLAIM_POLY_50K,DISTRICT_NAME,-1,-1" #</Process></lineage></DataProperties><SyncDate>20180722</SyncDate><SyncTime>10412600</SyncTime><ModDate>20180722</ModDate><ModTime>10412600</ModTime><PublishStatus>Published</PublishStatus></Esri><eainfo><detailed Name="Quartz_Claims_50k"><enttyp><enttypl Sync="TRUE">Quartz_Claims_50k</enttypl><enttypt Sync="TRUE">Feature Class</enttypt><enttypc Sync="TRUE">0</enttypc></enttyp><attr><attrlabl Sync="TRUE">FID</attrlabl><attalias Sync="TRUE">FID</attalias><attrtype Sync="TRUE">OID</attrtype><attwidth Sync="TRUE">4</attwidth><atprecis Sync="TRUE">0</atprecis><attscale Sync="TRUE">0</attscale><attrdef Sync="TRUE">Internal feature number.</attrdef><attrdefs Sync="TRUE">Esri</attrdefs><attrdomv><udom Sync="TRUE">Sequential unique whole numbers that are automatically generated.</udom></attrdomv></attr><attr><attrlabl>CLAIM_NAME</attrlabl><attalias Sync="TRUE">CLAIM_NAME</attalias><attrtype Sync="TRUE">String</attrtype><attwidth Sync="TRUE">15</attwidth><atprecis Sync="TRUE">0</atprecis><attscale Sync="TRUE">0</attscale></attr><attr><attrlabl Sync="TRUE">ID</attrlabl><attalias Sync="TRUE">ID</attalias><attrtype Sync="TRUE">Integer</attrtype><attwidth Sync="TRUE">10</attwidth><atprecis Sync="TRUE">10</atprecis><attscale Sync="TRUE">0</attscale></attr><attr><attrlabl Sync="TRUE">GRANT_NUM</attrlabl><attalias Sync="TRUE">GRANT_NUM</attalias><attrtype Sync="TRUE">String</attrtype><attwidth Sync="TRUE">20</attwidth><atprecis Sync="TRUE">0</atprecis><attscale Sync="TRUE">0</attscale></attr><attr><attrlabl Sync="TRUE">LEASE_NUM</attrlabl><attalias Sync="TRUE">LEASE_NUM</attalias><attrtype Sync="TRUE">String</attrtype><attwidth Sync="TRUE">7</attwidth><atprecis Sync="TRUE">0</atprecis><attscale Sync="TRUE">0</attscale></attr><attr><attrlabl Sync="TRUE">TENURE</attrlabl><attalias Sync="TRUE">TENURE</attalias><attrtype Sync="TRUE">String</attrtype><attwidth Sync="TRUE">40</attwidth><atprecis Sync="TRUE">0</atprecis><attscale Sync="TRUE">0</attscale></attr><attr><attrlabl Sync="TRUE">REGULATION</attrlabl><attalias Sync="TRUE">REGULATION</attalias><attrtype Sync="TRUE">String</attrtype><attwidth Sync="TRUE">2</attwidth><atprecis Sync="TRUE">0</atprecis><attscale Sync="TRUE">0</attscale></attr><attr><attrlabl Sync="TRUE">STATUS</attrlabl><attalias Sync="TRUE">STATUS</attalias><attrtype Sync="TRUE">String</attrtype><attwidth Sync="TRUE">10</attwidth><atprecis Sync="TRUE">0</atprecis><attscale Sync="TRUE">0</attscale></attr><attr><attrlabl Sync="TRUE">LABEL</attrlabl><attalias Sync="TRUE">LABEL</attalias><attrtype Sync="TRUE">String</attrtype><attwidth Sync="TRUE">56</attwidth><atprecis Sync="TRUE">0</atprecis><attscale Sync="TRUE">0</attscale></attr><attr><attrlabl Sync="TRUE">SHAPE</attrlabl><attalias Sync="TRUE">Shape</attalias><attrtype Sync="TRUE">Geometry</attrtype><attwidth Sync="TRUE">0</attwidth><atprecis Sync="TRUE">0</atprecis><attscale Sync="TRUE">0</attscale><attrdef Sync="TRUE">Feature geometry.</attrdef><attrdefs Sync="TRUE">ESRI</attrdefs><attrdomv><udom Sync="TRUE">Coordinates defining the features.</udom></attrdomv></attr><attr><attrlabl Sync="TRUE">CLAIM_NUM</attrlabl><attalias Sync="TRUE">CLAIM_NUM</attalias><attrtype Sync="TRUE">Integer</attrtype><attwidth Sync="TRUE">10</attwidth><atprecis Sync="TRUE">10</atprecis><attscale Sync="TRUE">0</attscale></attr><attr><attrlabl Sync="TRUE">OWNER</attrlabl><attalias Sync="TRUE">OWNER</attalias><attrtype Sync="TRUE">String</attrtype><attwidth Sync="TRUE">254</attwidth><atprecis Sync="TRUE">0</atprecis><attscale Sync="TRUE">0</attscale></attr><attr><attrlabl Sync="TRUE">STAKE_DATE</attrlabl><attalias Sync="TRUE">STAKE_DATE</attalias><attrtype Sync="TRUE">Date</attrtype><attwidth Sync="TRUE">8</attwidth><atprecis Sync="TRUE">0</atprecis><attscale Sync="TRUE">0</attscale></attr><attr><attrlabl Sync="TRUE">RECORDED</attrlabl><attalias Sync="TRUE">RECORDED</attalias><attrtype Sync="TRUE">Date</attrtype><attwidth Sync="TRUE">8</attwidth><atprecis Sync="TRUE">0</atprecis><attscale Sync="TRUE">0</attscale></attr><attr><attrlabl Sync="TRUE">EXPIRY_DAT</attrlabl><attalias Sync="TRUE">EXPIRY_DAT</attalias><attrtype Sync="TRUE">Date</attrtype><attwidth Sync="TRUE">8</attwidth><atprecis Sync="TRUE">0</atprecis><attscale Sync="TRUE">0</attscale></attr><attr><attrlabl Sync="TRUE">DISTRICT</attrlabl><attalias Sync="TRUE">DISTRICT</attalias><attrtype Sync="TRUE">String</attrtype><attwidth Sync="TRUE">11</attwidth><atprecis Sync="TRUE">0</atprecis><attscale Sync="TRUE">0</attscale></attr></detailed></eainfo><mdFileID>2EEAEE63-51FB-418E-9D43-9A6771E7DB8B</mdFileID><mdLang><languageCode value="eng"/><countryCode value="USA" Sync="TRUE"></countryCode></mdLang><mdChar><CharSetCd value="004"/></mdChar><mdHrLv><ScopeCd value="005"/></mdHrLv><mdHrLvName>dataset</mdHrLvName><mdContact><rpOrgName>Energy, Mines and Resources</rpOrgName><rpPosName>Mining and Spatial Database Administrator</rpPosName><rpCntInfo><cntPhone><voiceNum>867-667-5320</voiceNum><faxNum>867-667-5150</faxNum></cntPhone><cntAddress><delPoint>P.O. Box 2703 (K-102)</delPoint><city>Whitehorse</city><adminArea>Yukon</adminArea><postCode>Y1A 2C6</postCode><eMailAdd>mining.gis@gov.yk.ca</eMailAdd></cntAddress><cntHours>8:30am to 4:30pm</cntHours></rpCntInfo><role><RoleCd value="007"/></role></mdContact><mdDateSt>20140729</mdDateSt><mdStanName>ArcGIS Metadata</mdStanName><mdStanVer>1.0</mdStanVer><distInfo><distributor><distorCont><rpOrgName>Energy, Mines and Resources</rpOrgName><rpPosName>Mining and Spatial Database Administrator</rpPosName><rpCntInfo><cntPhone><voiceNum>867-667-5320</voiceNum><faxNum>867-667-5150</faxNum></cntPhone><cntAddress><eMailAdd>mining.gis@gov.yk.ca</eMailAdd></cntAddress></rpCntInfo><role><RoleCd value="005"/></role></distorCont></distributor><distFormat><formatName>SDE Feature Class</formatName><formatVer/></distFormat><distTranOps><onLineSrc><linkage>ftp://ftp.geomaticsyukon.ca/GeoYukon/Mining/Quartz_Claims_50k/</linkage></onLineSrc><transSize Sync="TRUE">0.000</transSize></distTranOps><distTranOps><onLineSrc><linkage>http://yukon.maps.arcgis.com/home/item.html?id=871f84d5f97942bba49f9f8e66af76b8</linkage></onLineSrc><transSize Sync="TRUE">0.000</transSize></distTranOps></distInfo><dataIdInfo><idCitation><resTitle>Quartz Claims - 50k</resTitle><resAltTitle>CSW_MINING.QUARTZ_CLAIM_POLY_50K</resAltTitle><date><pubDate>2014-01-01T00:00:00</pubDate></date><citRespParty><rpOrgName>Energy, Mines and Resources</rpOrgName><role><RoleCd value="006"/></role></citRespParty><presForm><PresFormCd value="005"/></presForm></idCitation><idAbs>A claim is a parcel of land located or granted for hard rock mining. A claim also includes any ditches or water rights used for mining the claim, and all other things belonging to or used in the working of the claim for mining purposes. A claim is a rectangular plot of ground that does not exceed 1,500' X 1,500'. All angles of a claim must be right angles, except in cases where a boundary line of a previously located claim is adopted as common to both locations.</idAbs><idPurp>To represent the location of Quartz Claims in the Yukon.</idPurp><idStatus><ProgCd value="007"/></idStatus><idPoC><rpOrgName>Energy, Mines and Resources</rpOrgName><rpPosName>Mining and Spatial Database Administrator</rpPosName><rpCntInfo><cntPhone><voiceNum>667-5320</voiceNum><faxNum>667-5150</faxNum></cntPhone><cntAddress><delPoint>Room 102 - 300 Main St</delPoint><city>Whitehorse</city><adminArea>Yukon</adminArea><postCode>Y1A 2B5</postCode><country>CA</country><eMailAdd>mining.gis@gov.yk.ca</eMailAdd></cntAddress></rpCntInfo><role><RoleCd value="007"/></role></idPoC><resMaint><maintFreq><MaintFreqCd value="001"/></maintFreq></resMaint><placeKeys><keyword>Yukon Territory</keyword></placeKeys><themeKeys><keyword>mining</keyword><keyword>subsurface right</keyword><keyword>mineral title</keyword><keyword>hard rock mining</keyword><keyword>quartz</keyword></themeKeys><searchKeys><keyword>Yukon Territory</keyword><keyword>mining</keyword><keyword>subsurface right</keyword><keyword>mineral title</keyword><keyword>hard rock mining</keyword><keyword>quartz</keyword></searchKeys><resConst><LegConsts><useLimit>Data created by the Government of Yukon may be printed, copied or reproduced for non-comercial purposes only. Reproductions must be accurate and must not be represented as an official version. Reproduction or redistribution for comercial purposes requires advance written permission from the Government of Yukon.</useLimit><othConsts>Public. No constraints.</othConsts></LegConsts></resConst><resConst><SecConsts><class><ClasscationCd value="001"/></class></SecConsts></resConst><resConst><Consts><useLimit>Read and display access only</useLimit></Consts></resConst><spatRpType><SpatRepTypCd value="001"/></spatRpType><dataLang><languageCode value="eng"/><countryCode value="USA" Sync="TRUE"></countryCode></dataLang><dataChar><CharSetCd value="004"/></dataChar><tpCat><TopicCatCd value="008"/></tpCat><envirDesc>Microsoft Windows 7 Version 6.1 (Build 7601) Service Pack 1; Esri ArcGIS 10.2.1.3497</envirDesc><dataExt><exDesc>publication date</exDesc><tempEle><TempExtent><exTemp><TM_Period gmlID="ID0E4DAC"><tmEnd date="unknown"/></TM_Period></exTemp></TempExtent></tempEle><geoEle/></dataExt><dataExt><geoEle><GeoBndBox><exTypeCode>true</exTypeCode><westBL>-142.933065</westBL><eastBL>-122.864095</eastBL><southBL>59.750329</southBL><northBL>67.751309</northBL></GeoBndBox></geoEle></dataExt><dataExt><geoEle><GeoBndBox><exTypeCode>true</exTypeCode><westBL>-142.926774</westBL><eastBL>-122.869921</eastBL><southBL>59.750329</southBL><northBL>67.736553</northBL></GeoBndBox></geoEle></dataExt><suppInfo>The Quartz Mining Act is available at http://www.gov.yk.ca/legislation/acts/qumi.pdf Visit http://www.emr.gov.yk.ca/mining/mineral_tenure_commissioners_land_yukon.html for details on how to stake, record and maintain a Quartz Claim.</suppInfo><dataExt><geoEle><GeoBndBox esriExtentType="search"><exTypeCode Sync="TRUE">1</exTypeCode><westBL Sync="TRUE">-142.933065</westBL><eastBL Sync="TRUE">-122.864095</eastBL><northBL Sync="TRUE">67.751309</northBL><southBL Sync="TRUE">59.750329</southBL></GeoBndBox></geoEle></dataExt></dataIdInfo><mdMaint><maintFreq><MaintFreqCd value="002"/></maintFreq></mdMaint><dqInfo><dqScope><scpLvl><ScopeCd value="005"/></scpLvl></dqScope><report type="DQQuanAttAcc"><measDesc>Congruent with the Northern Mining Record System (NMRS) database.</measDesc></report><dataLineage><statement>The quartz claim configuration is updated as necessary. Polygons are digityzed from staking sketchs or GPS coordinates provided by the staker.</statement><prcStep><stepDesc>The quartz claims 50k is feature-linked to the quartz claims poly 50k.</stepDesc><stepProc><rpOrgName>Energy, Mines and Resources</rpOrgName><rpPosName>Mining and Spatial Database Administrator</rpPosName><rpCntInfo><cntPhone><voiceNum>867-667-5320</voiceNum><faxNum>867-667-5150</faxNum></cntPhone><cntAddress><delPoint>P.O. Box 2703 (K-102)</delPoint><city>Whitehorse</city><adminArea>Yukon</adminArea><postCode>Y1A 2C6</postCode><eMailAdd>mining.gis@gov.yk.ca</eMailAdd></cntAddress><cntHours>8:30am to 4:30pm</cntHours></rpCntInfo><role><RoleCd value="009"/></role></stepProc></prcStep><dataSource><srcScale><rfDenom>1</rfDenom></srcScale></dataSource></dataLineage></dqInfo><spatRepInfo><VectSpatRep><geometObjs Name="Quartz_Claims_50k"><geoObjTyp><GeoObjTypCd value="002" Sync="TRUE"></GeoObjTypCd></geoObjTyp><geoObjCnt Sync="TRUE">0</geoObjCnt></geometObjs><topLvl><TopoLevCd value="001" Sync="TRUE"></TopoLevCd></topLvl></VectSpatRep></spatRepInfo><refSysInfo><RefSystem><refSysID><identCode code="0"/><idCodeSpace>EPSG</idCodeSpace><idVersion>6.13(9.3.0.0)</idVersion></refSysID></RefSystem></refSysInfo><spdoinfo><ptvctinf><esriterm Name="Quartz_Claims_50k"><efeatyp Sync="TRUE">Simple</efeatyp><efeageom code="4" Sync="TRUE"></efeageom><esritopo Sync="TRUE">FALSE</esritopo><efeacnt Sync="TRUE">0</efeacnt><spindex Sync="TRUE">FALSE</spindex><linrefer Sync="TRUE">FALSE</linrefer></esriterm></ptvctinf></spdoinfo></metadata>
